﻿<?xml version="1.0" encoding="UTF-8"?>  
<addon  
  id="pvr.livetvfr"  
  version="1.9.3"  
  name="Live TV Fr"  
  provider-name="Racacax-Passion">  
  <requires>  
    <c-pluff version="0.1"/>  
    <import addon="xbmc.pvr" version="1.9.0"/>  
  </requires>  
  <extension  
    point="xbmc.pvrclient"  
    library_linux="XBMC_IPTV_Simple.pvr"  
    library_osx="XBMC_IPTV_Simple.pvr"  
    library_wingl="XBMC_IPTV_Simple_win32.dll"  
    library_windx="XBMC_IPTV_Simple_win32.dll"  
    library_android="libXBMC_IPTV_Simple.so" />  
  <extension point="xbmc.addon.metadata">  
    <summary lang="en">XBMC PVR addon for IPTV support. https://github.com/afedchin/xbmc-addon-iptvsimple/wiki/IPTV-Simple-Home</summary>  
    <summary lang="ru">XBMC PVR аддон для поддержки IPTV.  https://github.com/afedchin/xbmc-addon-iptvsimple/wiki/IPTV-Simple-Home</summary>  
    <summary lang="de">XBMC PVR Addon für IPTV Unterstützung. https://github.com/afedchin/xbmc-addon-iptvsimple/wiki/IPTV-Simple-Home</summary>  
    <summary lang="nl">XBMC PVR addon voor IPTV support. https://github.com/afedchin/xbmc-addon-iptvsimple/wiki/IPTV-Simple-Home</summary>  
    <description lang="en">IPTV Simple PVR Client support m3u playlists, streaming of Live TV for multicast/unicast sources, listening to Radio channels and EPG.</description>  
    <description lang="ru">Интерфейс для IPTV. Поддерживает просмотр потокового ТВ для юникаст/мультикаст источников, прослушивание радиоканалов и работу с электронным телегидом.</description>  
    <description lang="de">IPTV Simple PVR Client unterstützt m3u Wiedergabelisten, streamen von Live TV für multicast/unicast Quellen, Radio Kanäle hören und EPG.</description>  
    <description lang="nl">IPTV Simple PVR Client ondersteunt m3u afspeellijsten, streaming of Live TV voor multicast/unicast bronnen, luisteren naar Radio kanalen en EPG.</description>  
    <disclaimer lang="en">This is unstable software The authors are in no way responsible for failed playings, incorrect EPG times, wasted hours, or any other undesirable effects.</disclaimer>  
    <disclaimer lang="ru">Это нестабильная программа Авторы не несут ответственности за неудачные воспроизведение, неверные время EPG, потраченное время и прочие нежелательные эффекты.</disclaimer>  
    <disclaimer lang="de">Dies ist instabile Software Die Autoren sind zu keiner Zeit verantworlich für fehlerhafte Abspielungen, falsche EPG Zeiten oder andere Unvorhersehbarkeiten.</disclaimer>  
    <disclaimer lang="nl">Dit is onstabiele software De auteurs zijn op geen enkele manier aansprakelijk voor falen in afspelen, incorrecte EPG tijden, verspilde uren, of wel ongewenst effect dan ook.</disclaimer>  
    <platform>linux windx wingl osx android</platform>  
  </extension>  
</addon>  
