﻿<?xml version="1.0" encoding="UTF-8" standalone="yes"?>
<addon id="plugin.video.tele.fr" name="Télé Fr." version="1.7.7.1" provider-name="Angelscry">
    <requires>
        <import addon="xbmc.python" version="2.1.0"/>
    </requires>
    <extension point="xbmc.python.pluginsource" library="default.py">
        <provides>video</provides>
    </extension>
    <extension point="xbmc.addon.metadata">
        <platform>all</platform>
        <disclaimer>For XBMC Gotham/Eden/Frodo</disclaimer>
        <summary lang="en">Watch live French channels.</summary>
        <summary lang="fr">Regarder des chaines francophones en direct.</summary>
        <description lang="en">This add-on proposes to view most of the French channels (France, Canada, Belgium, Switzerland, Monaco, etc ...) from live video streams available on the internet. The proposed channels are classified by content with a detailed description.</description>
        <description lang="fr">Cet add-on vous propose de regarder la plupart des chaines francophones (France, Canada, Belgique, Suisse, Monaco, etc...) en direct à partir des flux video disponibles sur internet. Les chaines proposées sont classées par contenu avec une description detaillée.</description>
    </extension>
</addon>
