﻿<?xml version="1.0" encoding="utf-8" standalone="yes"?>
<strings>
    <string id="30000">VideoDevil</string>
    <string id="30001">XBMC Media Center</string>

    <string id="20191">Activer le mode débogue</string>
    <string id="30002">Désactiver la clause de non-responsabilité</string>
    <string id="30003">Type du lecteur</string>
    <string id="30004">Auto</string>
    <string id="30005">MPlayer</string>
    <string id="30006">DVDPlayer</string>
    <string id="30007">Télécharger la video vidéo</string>
    <string id="30008">Dossier de téléchargement</string>
    <string id="30009">Proposer le téléchargement avant de lire une vidéo</string>
    <string id="30010">Ajouter un raccourci</string>
    <string id="30011">Supprimer un raccourci</string>
    <string id="30012">Qualité de la vidéo (si plusieures disponibles)</string>
    <string id="30013">Demandez-moi avant la lecture pour le téléchargement</string>
    <string id="30014">Basse</string>
    <string id="30015">Standard</string>
    <string id="30016">Haute</string>

    <string id="30050">Téléchargement de la vidéo...</string>
    <string id="30051">Attendez svp.</string>
    <string id="30052">Voulez-vous télécherger cette vidéo?</string>
    <string id="30053">Échec du téléchargement. Essayez de streamer la vidéo...</string>
    <string id="30054">Voulez-vous vraiment supprimer ce raccourci?</string>
    <string id="30055">Plusieures sources disponibles. Choisissez-en une svp:</string>
    <string id="30056">Basse qualité</string>
    <string id="30057">Qualité standard</string>
    <string id="30058">Haute qualité</string>
    <string id="30059">Mise à jour</string>
    <string id="30060">VideoDevil a été mis à jour</string>
    <string id="30061">Attention :Ce plugin contient du matériel pour adultes</string>
    <string id="30062">Vous pouvez entrer seulement si vous avez au moins 18 ans</string>
    <string id="30063">ou l'âge minimal dans le lieu juridique où</string>
    <string id="30064">vous habitez ou d'où vous avez accès à ce contenu.</string>
    <string id="30065">Sortir</string>
    <string id="30066">Entrer</string>

    <string id="30100">Catégories</string>
    <string id="30101">Sous-catégories</string>
    <string id="30102">Recherche</string>
    <string id="30103">Page suivante</string>
    <string id="30104">Encore</string>
    <string id="30105">Genre</string>
    <string id="30106">Actuell</string>
    <string id="30107">Artiste</string>
    <string id="30108">Vidéos</string>
    <string id="30109">Assortir</string>
    <string id="30110">Proposition</string>
    <string id="30111">Affiner</string>
    <string id="30112">Région</string>
    <string id="30113">Période de temps</string>
    <string id="30114">Sport</string>
    <string id="30115">Enfants</string>
    <string id="30116">Musique</string>
    <string id="30117">Vidéos similaires</string>
</strings>
