<?xml version="1.0" encoding="UTF-8" standalone="yes"?>
<addon id="repository.xbmc-israel" name="XBMC Israeli Streaming Sites" version="1.0.2" provider-name="cubicle-vdo">
    <extension point="xbmc.addon.repository" name="XBMC Israeli streaming repo for streaming sites">
        <info compressed="false">https://github.com/cubicle-vdo/xbmc-israel/raw/master/addons.xml</info>
        <checksum>https://github.com/cubicle-vdo/xbmc-israel/raw/master/addons.xml.md5</checksum>
        <datadir zip="true">https://github.com/cubicle-vdo/xbmc-israel/raw/master/repo</datadir>
    </extension>
    <extension point="xbmc.addon.metadata">
        <summary>XBMC Israeli Streaming Sites</summary>
        <description>Download and install addons for XBMC Israeli streaming repo for streaming sites</description>
        <platform>all</platform>
    </extension>
</addon>